{"0": 0.727273, "1": 1.0, "2": 0.727273, "3": 0.0, "4": 0.421212, "5": 0.0, "6": 0.0, "7": 0.0, "8": 0.012539, "9": 0.0, "10": 0.20163346562089202, "11": 0.0013131984726070345, "12": 0.666667, "13": 0.162, "14": 0.2539532045097135, "15": 0.106857, "16": 0.183673, "17": 0.0, "18": 1, "19": 0.21730464667385616, "20": 0.449438, "21": 0.0, "22": 0.10172376126731106, "23": 0.2688733152370337, "24": 0.449438, "25": 1, "26": 0.452657, "27": 0.7114344200215221, "28": 0.2704327603913642, "29": 675676, "30": 0.0, "31": 0.7416705367781986, "32": 0.3192397338989482, "33": 0.43790136152396, "34": 1.0, "35": 0.8952898112654221, "36": 0.449438, "37": 0.0, "38": 0.0, "39": 0.466667, "40": 0.0, "41": 0.333333, "42": 0.5, "43": 0.2, "44": 1.0, "45": 0.561469, "46": 0.56705, "47": 0.255906, "48": 0.2, "49": 1.0, "50": 0.864718, "51": 0.18, "52": 0.166817, "53": 0.0, "54": 0.747679, "55": 0.2}