{"0": 0.727273, "1": 1.0, "2": 0.727273, "3": 0.0, "4": 0.640909, "5": 0.0, "6": 0.0, "7": 0.357143, "8": 0.014809417292992694, "9": 0.0, "10": 0.2819548196763153, "11": 0.0, "12": 1.0, "13": 0.144, "14": 0.2826842074218676, "15": 0.28, "16": 0.1504743558507713, "17": 0.0, "18": 1, "19": 0.24514356721427047, "20": 0.449438, "21": 1, "22": 0.39675916205659945, "23": 0.333333, "24": 0.5035833610379163, "25": 1, "26": 0.46040502720370924, "27": 0.333333, "28": 0.14910879607327712, "29": 0.675676, "30": 0, "31": 0.799313, "32": 0.26827551646709674, "33": 0.40346296642456064, "34": 1.0, "35": 0.91519688521454, "36": 0.548226, "37": 1.0, "38": 0.077984, "39": 0.466667, "40": 0.0, "41": 0.333333, "42": 0.5, "43": 0.2, "44": 1.0, "45": 0.406619, "46": 0.439791, "47": 0.153238, "48": 0.2, "49": 0.0, "50": 0.666667, "51": 0.5, "52": 0.2, "53": 1.0, "54": 0.916986, "55": 0.115052}