{"0": 0.0, "1": 1.0, "2": 0.69697, "3": 0.0, "4": 0.527273, "5": 0.0, "6": 0.0, "7": 0.071429, "8": 0.01678873373861348, "9": 0.0, "10": 0.20927953793578663, "11": 0.0024616132195425288, "12": 0.622667, "13": 0.395, "14": 0.2080179936010901, "15": 0.8741335290777128, "16": 0.183673, "17": 0.013644975001322057, "18": 1, "19": 0.13534149395500014, "20": 0.4539788377135675, "21": 1.0, "22": 0.333333, "23": 0.385641116917667, "24": 0.3098234947478824, "25": 1, "26": 0.7758013476565884, "27": 0.0, "28": 0.21735547443144382, "29": 0.675676, "30": 1, "31": 0.799313, "32": 0.20375312886044789, "33": 0.449438, "34": 0, "35": 0.8001765072106878, "36": 0.449438, "37": 0.0, "38": 0.0, "39": 0.466667, "40": 0.0, "41": 0.333333, "42": 0.5, "43": 0.2, "44": 1.0, "45": 0.399289, "46": 0.81, "47": 0.123905, "48": 0.2, "49": 0.0, "50": 0.666667, "51": 0.5, "52": 0.2, "53": 1.0, "54": 0.79123, "55": 0.2}