{"0": 0.0, "1": 1.0, "2": 0.727273, "3": 0.0, "4": 0.727273, "5": 0.0, "6": 0.0, "7": 0.0, "8": 0.03957221696405801, "9": 0.0, "10": 0.29837363982025905, "11": 0.0011252400303414004, "12": 0.666667, "13": 0.636, "14": 0.512, "15": 0.9501042591801274, "16": 0.14536820171293183, "17": 0.0, "18": 1, "19": 0.20142850907449011, "20": 0.449438, "21": 0.0, "22": 0.333333, "23": 0.333333, "24": 0.3527032031682455, "25": 0, "26": 0.7895572459919828, "27": 0.883604, "28": 0.2472140981752005, "29": 675676, "30": 1, "31": 0.799313, "32": 0.3630771507314897, "33": 0.449438, "34": 1.0, "35": 0.652871, "36": 0.449438, "37": 1.0, "38": 0.075443, "39": 0.028824, "40": 1.0, "41": 0.29887, "42": 0.245211, "43": 0.2, "44": 1.0, "45": 0.430895, "46": 0.662835, "47": 0.065238, "48": 0.2, "49": 0.0, "50": 0.666667, "51": 0.5, "52": 0.2, "53": 1.0, "54": 0.648519, "55": 0.2}