{"0": 0.0, "1": 1.0, "2": 0.727273, "3": 0.0, "4": 0.527273, "5": 0.0, "6": 0.0, "7": 0.857143, "8": 0.068966, "9": 0.0, "10": 0.455, "11": 0.0, "12": 0.666667, "13": 0.0, "14": 0.43869563874292095, "15": 0.54, "16": 0.183673, "17": 0.0, "18": 1, "19": 0.1415558723767317, "20": 0.449438, "21": 0, "22": 0.12748034331196104, "23": 0.2184916857547861, "24": 0.449438, "25": 0.0, "26": 0.666667, "27": 0.333333, "28": 0.2539996045915218, "29": 0.675676, "30": 1, "31": 0.8533222614894107, "32": 0.33400717973330224, "33": 0.449438, "34": 0, "35": 0.7556884340332898, "36": 0.280898, "37": 0.0, "38": 0.0, "39": 0.466667, "40": 0.0, "41": 0.333333, "42": 0.5, "43": 0.2, "44": 1.0, "45": 0.546267, "46": 0.755, "47": 0.123905, "48": 0.2, "49": 0.0, "50": 0.666667, "51": 0.5, "52": 0.2, "53": 1.0, "54": 0.779352, "55": 0.050607}