{"0": 0.0, "1": 1.0, "2": 0.727273, "3": 0.0, "4": 0.727273, "5": 0.0, "6": 0.0, "7": 0.214286, "8": 0.037618, "9": 0.0, "10": 0.19976753420786392, "11": 0.0086, "12": 0.666667, "13": 0.395, "14": 0.4065, "15": 0.428571, "16": 0.183673, "17": 0.028223302339700808, "18": 0.0, "19": 0.12578030619418865, "20": 0.449438, "21": 0, "22": 0.16876323212359684, "23": 0.0, "24": 0.4199608969303893, "25": 1, "26": 0.382142, "27": 0.29397540148404944, "28": 0.371635, "29": 0.675676, "30": 0, "31": 0.799313, "32": 0.166667, "33": 0.434442511593231, "34": 1.0, "35": 0.7573553149107617, "36": 0.671745859871677, "37": 0.0, "38": 0.0, "39": 0.466667, "40": 0.0, "41": 0.333333, "42": 0.5, "43": 0.2, "44": 0.0, "45": 0.666667, "46": 0.5, "47": 0.123905, "48": 0.2, "49": 0.0, "50": 0.666667, "51": 0.5, "52": 0.2, "53": 1.0, "54": 0.79123, "55": 0.2}