{"0": 0.0, "1": 1.0, "2": 0.727273, "3": 0.0, "4": 0.727273, "5": 0.0, "6": 0.0, "7": 0.571429, "8": 0.033256983778915235, "9": 0.0, "10": 0.1612525525774116, "11": 0.0029322953215954986, "12": 0.514667, "13": 0.348, "14": 0.19726625840514608, "15": 0.54, "16": 0.0, "17": 0.0, "18": 0.0, "19": 0.22930178866445705, "20": 0.2752103259602774, "21": 1.0, "22": 0.3258, "23": 0.124181, "24": 0.869784, "25": 1.0, "26": 0.663072450811705, "27": 1.0, "28": 0.292196, "29": 0.675676, "30": 0.0, "31": 0.867201207942828, "32": 0.166667, "33": 0.3853396033342987, "34": 1.0, "35": 0.8974146742671473, "36": 0.5192043700759258, "37": 0.0, "38": 0.0, "39": 0.466667, "40": 0.0, "41": 0.333333, "42": 0.5, "43": 0.2, "44": 1.0, "45": 0.600159, "46": 0.6, "47": 0.463297, "48": 0.439737, "49": 0.0, "50": 0.666667, "51": 0.5, "52": 0.2, "53": 1.0, "54": 0.680996, "55": 0.050607}