{"0": 0.0, "1": 1.0, "2": 0.727273, "3": 0.0, "4": 0.240909, "5": 0.0, "6": 0.0, "7": 0.285714, "8": 0.015674, "9": 0.0, "10": 0.009, "11": 0.0014161463995241896, "12": 0.938667, "13": 0.628, "14": 0.71, "15": 0.28, "16": 0.183673, "17": 0.0, "18": 1, "19": 0.139834, "20": 0.449438, "21": 0, "22": 0.333333, "23": 0.3294273593444621, "24": 0.42991356393572433, "25": 0, "26": 0.666667, "27": 0.43756299462306486, "28": 0.123905, "29": 0.675676, "30": 0, "31": 0.8299251648716297, "32": 0.20351723190882018, "33": 0.45157190027060334, "34": 1, "35": 0.9963731178894, "36": 0.548226, "37": 1.0, "38": 0.077984, "39": 0.466667, "40": 0.0, "41": 0.333333, "42": 0.5, "43": 0.2, "44": 1.0, "45": 0.406619, "46": 0.439791, "47": 0.153238, "48": 0.2, "49": 0.0, "50": 0.666667, "51": 0.5, "52": 0.2, "53": 1.0, "54": 0.916986, "55": 0.115052}