{"0": 0.0, "1": 1.0, "2": 0.727273, "3": 0.0, "4": 0.727273, "5": 0.0, "6": 0.0, "7": 0.214286, "8": 0.021526842852549938, "9": 0.0, "10": 0.1988428280618626, "11": 0.0532, "12": 0.622667, "13": 0.395, "14": 0.20546799832445936, "15": 0.428571, "16": 0.1366017498891134, "17": 0.02315501082287981, "18": 0.0, "19": 0.0, "20": 0.305996010196759, "21": 0, "22": 0.15481944416398985, "23": 0.30279176786704376, "24": 0.3267354718977905, "25": 0, "26": 0.384591, "27": 0.081257, "28": 0.371635, "29": 675676, "30": 0, "31": 0.799313, "32": 0.166667, "33": 0.449438, "34": 0, "35": 0.799313, "36": 0.449438, "37": 0.0, "38": 0.0, "39": 0.466667, "40": 0.0, "41": 0.333333, "42": 0.5, "43": 0.2, "44": 0.0, "45": 0.666667, "46": 0.5, "47": 0.123905, "48": 0.2, "49": 0.0, "50": 0.666667, "51": 0.5, "52": 0.2, "53": 1.0, "54": 0.79123, "55": 0.2}