{"0": 0.0, "1": 1.0, "2": 0.651515, "3": 0.0, "4": 0.463636, "5": 0.0, "6": 0.0, "7": 0.428571, "8": 0.122257, "9": 0.0, "10": 0.078, "11": 0.001421112810804461, "12": 0.474667, "13": 0.743, "14": 0.17914148637376193, "15": 1.0, "16": 0.1245694238397614, "17": 0.09630313236333543, "18": 1, "19": 0.17952434476932505, "20": 0.449438, "21": 1.0, "22": 0.3627393142919694, "23": 0.39207851399497595, "24": 0.46668314329435434, "25": 1.0, "26": 0.680345, "27": 0.4403999249027333, "28": 0.2585, "29": 675676, "30": 0.0, "31": 0.799313, "32": 0.166667, "33": 0.3806251989731509, "34": 1, "35": 0.772395, "36": 0.4247299726456585, "37": 1.0, "38": 0.293224, "39": 0.466667, "40": 0.0, "41": 0.333333, "42": 0.5, "43": 0.2, "44": 1.0, "45": 0.510931, "46": 0.705, "47": 0.123905, "48": 0.887778, "49": 1.0, "50": 0.430258, "51": 0.605, "52": 0.2, "53": 1.0, "54": 0.828179, "55": 0.26216}