{"0": 0.0, "1": 1.0, "2": 0.727273, "3": 0.0, "4": 0.727273, "5": 0.0, "6": 0.0, "7": 0.0, "8": 0.012539, "9": 0.0, "10": 0.218, "11": 0.0012013222583853967, "12": 0.666667, "13": 0.451, "14": 0.4065, "15": 0.428571, "16": 0.183673, "17": 0.08387733252082873, "18": 1, "19": 0.22574373481961435, "20": 0.449438, "21": 1.0, "22": 0.39194, "23": 0.2593679760835177, "24": 0.449438, "25": 1.0, "26": 0.4666250027581952, "27": 0.7692830415362666, "28": 0.371635, "29": 0.675676, "30": 0.0, "31": 0.8749838505153181, "32": 0.166667, "33": 0.449438, "34": 0, "35": 0.7194341817486736, "36": 0.449438, "37": 0.0, "38": 0.0, "39": 0.466667, "40": 0.0, "41": 0.333333, "42": 0.5, "43": 0.2, "44": 0.0, "45": 0.666667, "46": 0.5, "47": 0.123905, "48": 0.2, "49": 0.0, "50": 0.666667, "51": 0.5, "52": 0.2, "53": 1.0, "54": 0.747679, "55": 0.2}