{"0": 0.0, "1": 1.0, "2": 0.727273, "3": 0.0, "4": 0.419697, "5": 0.0, "6": 0.0, "7": 0.285714, "8": 0.081505, "9": 0.0, "10": 0.139, "11": 0.024, "12": 0.666667, "13": 0.597, "14": 0.2236182742201428, "15": 0.8676146593964318, "16": 0.23546944821622287, "17": 0.010399482607065857, "18": 1, "19": 0.10910746912102919, "20": 0.449438, "21": 1, "22": 0.186905, "23": 0.34011719455296696, "24": 0.685393, "25": 1, "26": 0.292862, "27": 0.197043, "28": 0.24863720726237032, "29": 0.675676, "30": 0, "31": 0.637319, "32": 0.047685, "33": 0.3328294450302259, "34": 0, "35": 0.978836, "36": 0.449438, "37": 0.0, "38": 0.0, "39": 0.466667, "40": 0.0, "41": 0.190931, "42": 0.59, "43": 0.332732, "44": 0.0, "45": 0.666667, "46": 0.5, "47": 0.123905, "48": 0.2, "49": 0.0, "50": 0.666667, "51": 0.5, "52": 0.2, "53": 1.0, "54": 0.844381, "55": 0.2}