{"0": 0.727273, "1": 1.0, "2": 0.727273, "3": 0.0, "4": 0.727273, "5": 0.0, "6": 0.0, "7": 0.857143, "8": 0.012539, "9": 0.0, "10": 0.437, "11": 0.0014838602199322907, "12": 0.666667, "13": 0.0, "14": 0.5, "15": 0.5125521464759264, "16": 0.183673, "17": 0.0, "18": 1, "19": 0.0, "20": 0.3068059148495455, "21": 0.0, "22": 0.333333, "23": 0.16933324736546362, "24": 0.5006301252035291, "25": 0.0, "26": 0.7944041646320273, "27": 0.7044822003069, "28": 0.19410729050417952, "29": 0.675676, "30": 0.0, "31": 0.8998003234215183, "32": 0.18416137804653038, "33": 0.449438, "34": 1.0, "35": 0.747679, "36": 0.449438, "37": 0.0, "38": 0.0, "39": 0.466667, "40": 0.0, "41": 0.333333, "42": 0.5, "43": 0.2, "44": 0.0, "45": 0.666667, "46": 0.5, "47": 0.123905, "48": 0.2, "49": 0.0, "50": 0.666667, "51": 0.5, "52": 0.2, "53": 1.0, "54": 0.747679, "55": 0.2}