{"0": 0.0, "1": 1.0, "2": 0.727273, "3": 0.0, "4": 0.383333, "5": 0.0, "6": 0.0, "7": 0.857143, "8": 0.043887, "9": 0.0, "10": 0.13197078437831514, "11": 0.0010489757202854584, "12": 0.666667, "13": 0.0, "14": 0.20060284055440483, "15": 0.5814859904846383, "16": 0.183673, "17": 0.09232970393059292, "18": 0.0, "19": 0.26818852126746134, "20": 0.449438, "21": 0.0, "22": 0.333333, "23": 0.333333, "24": 0.590823006660609, "25": 0, "26": 0.416437, "27": 0.849666, "28": 0.2999774128164042, "29": 0.675676, "30": 1, "31": 0.799313, "32": 0.33307649455160715, "33": 0.5490703745510466, "34": 1.0, "35": 0.922724, "36": 0.5625374625518675, "37": 0.0, "38": 0.0, "39": 0.466667, "40": 0.0, "41": 0.256796, "42": 0.283525, "43": 0.35625, "44": 0.0, "45": 0.666667, "46": 0.5, "47": 0.123905, "48": 0.2, "49": 0.0, "50": 0.666667, "51": 0.5, "52": 0.2, "53": 1.0, "54": 0.908216, "55": 0.060092}