{"0": 0.0, "1": 1.0, "2": 0.727273, "3": 0.0, "4": 0.722727, "5": 0.0, "6": 0.0, "7": 0.571429, "8": 0.021944, "9": 0.0, "10": 0.17915302880258027, "11": 0.0124, "12": 0.666667, "13": 0.0, "14": 0.11364332883705597, "15": 0.7731505029451926, "16": 0.24765345531164, "17": 0.03981439166777038, "18": 0.0, "19": 0.0, "20": 0.29770655959058645, "21": 0, "22": 0.39815612213315665, "23": 0.27018833138677256, "24": 0.998954, "25": 0, "26": 0.5702626440453072, "27": 0.5334711673739598, "28": 0.123905, "29": 675676, "30": 0, "31": 0.873746, "32": 0.090102, "33": 0.764045, "34": 1, "35": 0.8008134616690967, "36": 0.5355445896287787, "37": 1.0, "38": 0.080673, "39": 0.466667, "40": 0.0, "41": 0.286072, "42": 0.338983, "43": 0.118954, "44": 0.0, "45": 0.666667, "46": 0.5, "47": 0.123905, "48": 0.2, "49": 1.0, "50": 0.63463, "51": 0.26, "52": 0.2, "53": 1.0, "54": 0.87665, "55": 0.2}