{"0": 0.0, "1": 1.0, "2": 0.727273, "3": 0.0, "4": 0.598485, "5": 0.0, "6": 0.0, "7": 0.571429, "8": 0.015674, "9": 0.0, "10": 0.017, "11": 0.001001312472977001, "12": 0.666667, "13": 0.0, "14": 0.5, "15": 0.428571, "16": 0.1006298769725374, "17": 0.0, "18": 1, "19": 0.2979652112605923, "20": 0.32670298491665445, "21": 0.0, "22": 0.27342283614231055, "23": 0.333333, "24": 0.5792408580735756, "25": 1, "26": 0.424879, "27": 0.34264328114705833, "28": 0.22952833597413375, "29": 0.675676, "30": 0.0, "31": 0.8873997019861716, "32": 0.3260884751273563, "33": 0.3300875281406565, "34": 1.0, "35": 0.747679, "36": 0.449438, "37": 1.0, "38": 0.126388, "39": 0.224266, "40": 0.0, "41": 0.333333, "42": 0.5, "43": 0.2, "44": 1.0, "45": 0.290424, "46": 0.795, "47": 0.123905, "48": 0.2, "49": 0.0, "50": 0.666667, "51": 0.5, "52": 0.2, "53": 1.0, "54": 0.747679, "55": 0.2}