{"0": 0.0, "1": 1.0, "2": 0.616667, "3": 0.0, "4": 0.366667, "5": 0.0, "6": 0.0, "7": 0.071429, "8": 0.15047, "9": 0.0, "10": 0.12027428140325412, "11": 0.0032, "12": 0.43, "13": 0.257, "14": 0.448450256507686, "15": 0.7707979798426743, "16": 0.12070826526176791, "17": 0.0662671147956142, "18": 1.0, "19": 0.1333199913841019, "20": 0.40037388020570874, "21": 1, "22": 0.333333, "23": 0.3161795504659431, "24": 0.459625376209872, "25": 1.0, "26": 0.5904189903442337, "27": 0.480446, "28": 0.29396765853201545, "29": 0.498098, "30": 0.0, "31": 0.799313, "32": 0.166667, "33": 0.449438, "34": 1.0, "35": 0.615806, "36": 0.784259, "37": 1.0, "38": 0.11729, "39": 0.119343, "40": 0.0, "41": 0.333333, "42": 0.5, "43": 0.2, "44": 1.0, "45": 0.371097, "46": 0.66, "47": 0.123905, "48": 0.270801, "49": 1.0, "50": 0.344206, "51": 0.755, "52": 0.125734, "53": 1.0, "54": 0.712614, "55": 0.036785}