{"0": 0.0, "1": 1.0, "2": 0.727273, "3": 0.0, "4": 0.722727, "5": 0.0, "6": 0.0, "7": 0.071429, "8": 0.03836340086027381, "9": 0.0, "10": 0.14, "11": 0.0026, "12": 0.666667, "13": 0.216, "14": 0.39494948487688386, "15": 0.728, "16": 0.183673, "17": 0.0, "18": 1.0, "19": 0.139834, "20": 0.449438, "21": 0, "22": 0.333333, "23": 0.30862943752356775, "24": 0.552047614654439, "25": 1.0, "26": 0.424879, "27": 0.7603205510104505, "28": 0.123905, "29": 0.675676, "30": 0, "31": 0.799313, "32": 0.166667, "33": 0.5487317761026874, "34": 1, "35": 0.8624418818718547, "36": 0.5847702182139747, "37": 1.0, "38": 0.077984, "39": 0.466667, "40": 0.0, "41": 0.333333, "42": 0.5, "43": 0.2, "44": 1.0, "45": 0.432947, "46": 0.72, "47": 0.112931, "48": 0.2, "49": 0.0, "50": 0.666667, "51": 0.5, "52": 0.2, "53": 1.0, "54": 0.916986, "55": 0.115052}