{"0": 0.0, "1": 1.0, "2": 0.727273, "3": 0.0, "4": 0.651515, "5": 0.0, "6": 0.0, "7": 0.571429, "8": 0.025078, "9": 0.0, "10": 0.073, "11": 0.0011807578289835532, "12": 0.666667, "13": 0.588, "14": 0.15575703774542116, "15": 0.8863301257758311, "16": 0.24960216539637137, "17": 0.08106764520813114, "18": 0.0, "19": 0.0, "20": 0.449438, "21": 1, "22": 0.2174095344599215, "23": 0.504646, "24": 0.696629, "25": 0, "26": 0.7168944357369972, "27": 0.333333, "28": 0.28681731363861795, "29": 0.675676, "30": 0, "31": 0.799313, "32": 0.2428212914489635, "33": 0.5437298698358558, "34": 0, "35": 0.8309098745827617, "36": 0.287256, "37": 1.0, "38": 0.0, "39": 0.466667, "40": 1.0, "41": 0.548578, "42": 0.4, "43": 0.2, "44": 1.0, "45": 0.618495, "46": 0.76, "47": 0.123905, "48": 0.2, "49": 0.0, "50": 0.666667, "51": 0.5, "52": 0.2, "53": 1.0, "54": 0.984214, "55": 0.2}