{"0": 0.0, "1": 1.0, "2": 0.727273, "3": 0.0, "4": 0.607576, "5": 0.0, "6": 0.0, "7": 0.285714, "8": 0.065831, "9": 0.0, "10": 0.271, "11": 0.0, "12": 0.622667, "13": 0.619, "14": 0.2097388246493607, "15": 0.9347155480391476, "16": 0.2797613078334361, "17": 0.0, "18": 1, "19": 0.0, "20": 0.3850400722620183, "21": 1.0, "22": 0.3847602224137905, "23": 0.20456, "24": 0.487875, "25": 0, "26": 0.556065, "27": 0.531950675082542, "28": 0.371635, "29": 675676, "30": 0, "31": 0.799313, "32": 0.166667, "33": 0.529598478483378, "34": 0, "35": 0.737338, "36": 0.6683408713308421, "37": 0.0, "38": 0.0, "39": 0.466667, "40": 0.0, "41": 0.333333, "42": 0.5, "43": 0.2, "44": 1.0, "45": 0.560965, "46": 0.62, "47": 0.273863, "48": 0.2, "49": 0.0, "50": 0.666667, "51": 0.5, "52": 0.2, "53": 1.0, "54": 0.79123, "55": 0.2}